{"ratio":[],"shift":[["HISTORIZE,OBJECTIVE",0],["HISTORIZE,HISTORY_OBJECTIVE",0],["HAVE,USER",0],["HAVE,OBJECTIVE",0],["POSSESS BANK,USER",0],["POSSESS BANK,BANK",0],["POSSESS SAVING,USER",0],["POSSESS SAVING,SAVING",0],["SIMULATE BANK,BANK",0],["SIMULATE BANK,FORECAST",0],["SIMULATE SAVING,SAVING",0],["SIMULATE SAVING,FORECAST",0],["BELONG,BANK",0],["BELONG,SAVING",0],["SCHEDULE BANK,BANK",0],["SCHEDULE BANK,RECURRENT",0],["SCHEDULE SAVING,SAVING",0],["SCHEDULE SAVING,RECURRENT",0],["LINK BANK IN,BANK",-32],["LINK BANK IN,INCOME",0],["LINK SAVING IN,SAVING",-32],["LINK SAVING IN,INCOME",0],["CATEGORIZE IN,INCOME",0],["CATEGORIZE IN,CATEGORY",0],["TAG IN,INCOME",0],["TAG IN,TAG",0],["CATEGORIZE OUT,EXPENSE",0],["CATEGORIZE OUT,CATEGORY",0],["TAG OUT,EXPENSE",0],["TAG OUT,TAG",0],["LINK BANK OUT,BANK",0],["LINK BANK OUT,EXPENSE",0],["LINK SAVING OUT,SAVING",0],["LINK SAVING OUT,EXPENSE",0]],"colors":[["annotation_color","#542788"],["annotation_text_color","#f7f7f7"],["association_attribute_text_color","#000000"],["association_cartouche_color","#b2abd2"],["association_cartouche_text_color","#000000"],["association_color","#d8daeb"],["association_stroke_color","#8073ac"],["background_color","#f7f7f7"],["card_text_color","#b35806"],["entity_attribute_text_color","#000000"],["entity_cartouche_color","#fdb863"],["entity_cartouche_text_color","#000000"],["entity_color","#fee0b6"],["entity_stroke_color","#e08214"],["leg_stroke_color","#8073ac"],["transparent_color","none"]],"cy":[["HISTORY_OBJECTIVE",63],["HISTORIZE",171],["OBJECTIVE",297],["HAVE",423],["POSSESS BANK",531],["USER",531],["POSSESS SAVING",531],["SIMULATE BANK",665],["FORECAST",665],["SIMULATE SAVING",665],["BANK",825],["BELONG",825],["SAVING",825],["SCHEDULE BANK",1012],["RECURRENT",1012],["SCHEDULE SAVING",1012],["LINK BANK IN",1182],["INCOME",1182],["LINK SAVING IN",1182],["CATEGORIZE IN",1271],["TAG IN",1271],["CATEGORY",1361],["TAG",1361],["CATEGORIZE OUT",1451],["TAG OUT",1451],["LINK BANK OUT",1540],["EXPENSE",1540],["LINK SAVING OUT",1540]],"cx":[["HISTORY_OBJECTIVE",445],["HISTORIZE",445],["OBJECTIVE",445],["HAVE",445],["POSSESS BANK",77],["USER",445],["POSSESS SAVING",831],["SIMULATE BANK",286],["FORECAST",445],["SIMULATE SAVING",611],["BANK",77],["BELONG",445],["SAVING",831],["SCHEDULE BANK",286],["RECURRENT",445],["SCHEDULE SAVING",611],["LINK BANK IN",178],["INCOME",445],["LINK SAVING IN",723],["CATEGORIZE IN",286],["TAG IN",611],["CATEGORY",286],["TAG",611],["CATEGORIZE OUT",286],["TAG OUT",611],["LINK BANK OUT",77],["EXPENSE",445],["LINK SAVING OUT",831]],"size":[915,1612]}