{"ratio":[],"shift":[["HISTORIZE,OBJECTIVE",0],["HISTORIZE,HISTORY_OBJECTIVE",0],["TYPE,OBJECTIVE",0],["TYPE,TYPE_OBJECTIVE",0],["HAVE,USERS",0],["HAVE,OBJECTIVE",0],["POSSESS BANK,USERS",0],["POSSESS BANK,BANK",0],["POSSESS SAVING,USERS",0],["POSSESS SAVING,SAVING",0],["SIMULATE BANK,BANK",0],["SIMULATE BANK,FORECAST",0],["SIMULATE SAVING,SAVING",0],["SIMULATE SAVING,FORECAST",0],["BELONG,BANK",0],["BELONG,SAVING",0],["SCHEDULE BANK,BANK",0],["SCHEDULE BANK,RECURRENT",0],["SCHEDULE SAVING,SAVING",0],["SCHEDULE SAVING,RECURRENT",0],["LINK BANK IN,BANK",-32],["LINK BANK IN,INCOME",0],["LINK SAVING IN,SAVING",-32],["LINK SAVING IN,INCOME",0],["CATEGORIZE IN,INCOME",0],["CATEGORIZE IN,CATEGORY",0],["TAG IN,INCOME",0],["TAG IN,TAG",0],["CATEGORIZE OUT,EXPENSE",0],["CATEGORIZE OUT,CATEGORY",0],["TAG OUT,EXPENSE",0],["TAG OUT,TAG",0],["LINK BANK OUT,BANK",0],["LINK BANK OUT,EXPENSE",0],["LINK SAVING OUT,SAVING",0],["LINK SAVING OUT,EXPENSE",0]],"colors":[["annotation_color","#542788"],["annotation_text_color","#f7f7f7"],["association_attribute_text_color","#000000"],["association_cartouche_color","#b2abd2"],["association_cartouche_text_color","#000000"],["association_color","#d8daeb"],["association_stroke_color","#8073ac"],["background_color","#f7f7f7"],["card_text_color","#b35806"],["entity_attribute_text_color","#000000"],["entity_cartouche_color","#fdb863"],["entity_cartouche_text_color","#000000"],["entity_color","#fee0b6"],["entity_stroke_color","#e08214"],["leg_stroke_color","#8073ac"],["transparent_color","none"]],"cy":[["HISTORY_OBJECTIVE",72],["TYPE_OBJECTIVE",72],["HISTORIZE",242],["OBJECTIVE",242],["TYPE",242],["HAVE",377],["POSSESS BANK",485],["USERS",485],["POSSESS SAVING",485],["SIMULATE BANK",619],["FORECAST",619],["SIMULATE SAVING",619],["BANK",779],["BELONG",779],["SAVING",779],["SCHEDULE BANK",966],["RECURRENT",966],["SCHEDULE SAVING",966],["LINK BANK IN",1136],["INCOME",1136],["LINK SAVING IN",1136],["CATEGORIZE IN",1225],["TAG IN",1225],["CATEGORY",1333],["TAG",1333],["CATEGORIZE OUT",1441],["TAG OUT",1441],["LINK BANK OUT",1530],["EXPENSE",1530],["LINK SAVING OUT",1530]],"cx":[["HISTORY_OBJECTIVE",297],["TYPE_OBJECTIVE",622],["HISTORIZE",297],["OBJECTIVE",456],["TYPE",622],["HAVE",456],["POSSESS BANK",77],["USERS",456],["POSSESS SAVING",842],["SIMULATE BANK",297],["FORECAST",456],["SIMULATE SAVING",622],["BANK",77],["BELONG",456],["SAVING",842],["SCHEDULE BANK",297],["RECURRENT",456],["SCHEDULE SAVING",622],["LINK BANK IN",178],["INCOME",456],["LINK SAVING IN",734],["CATEGORIZE IN",297],["TAG IN",622],["CATEGORY",297],["TAG",622],["CATEGORIZE OUT",297],["TAG OUT",622],["LINK BANK OUT",77],["EXPENSE",456],["LINK SAVING OUT",842]],"size":[926,1602]}